{
  "trained_at": "2026-02-07T07:04:49.081549",
  "model_type": "RandomForestRegressor",
  "model_params": {
    "n_estimators": 100,
    "max_depth": 15,
    "min_samples_split": 10,
    "random_state": 42,
    "n_jobs": -1
  },
  "features": [
    "hour",
    "day_of_week",
    "is_weekend",
    "month",
    "is_rush_hour",
    "avg_same_hour",
    "std_same_hour",
    "trend_24h",
    "occupancy_1h_ago",
    "occupancy_24h_ago",
    "occupancy_7d_ago",
    "has_event",
    "hours_until_event",
    "zone_type_encoded",
    "total_capacity"
  ],
  "metrics": {
    "mae": 0.06840133031090738,
    "rmse": 0.08840797922802845,
    "r2": 0.7679757398118084
  },
  "feature_importance": {
    "avg_same_hour": 0.9660490205924377,
    "month": 0.01722138514628012,
    "std_same_hour": 0.007025412028959614,
    "hour": 0.004685943635357853,
    "day_of_week": 0.002706634936957991,
    "total_capacity": 0.0004955628635160945,
    "is_rush_hour": 0.00048822952065276923,
    "occupancy_1h_ago": 0.0003673603889121044,
    "occupancy_24h_ago": 0.0003500417314681479,
    "occupancy_7d_ago": 0.00034491291834589624,
    "zone_type_encoded": 0.00015774769657684795,
    "is_weekend": 0.00010774854053495531,
    "trend_24h": 0.0,
    "has_event": 0.0,
    "hours_until_event": 0.0
  }
}